country,release_year,show_id,type,title,director,cast,date_added,rating,duration,listed_in,description
Afghanistan,2016,1,1,1,1,1,1,1,1,1,1
Albania,2018,1,1,1,1,1,1,1,1,1,1
Algeria,1979,1,1,1,1,1,1,1,1,1,1
Algeria,2020,1,1,1,1,1,1,1,1,1,1
Angola,2020,1,1,1,1,1,1,1,1,1,1
Argentina,1985,1,1,1,1,1,1,1,1,1,1
Argentina,1993,1,1,1,0,0,1,1,1,1,1
Argentina,1998,1,1,1,1,1,1,1,1,1,1
Argentina,2004,2,2,2,2,2,2,2,2,2,2
Argentina,2006,2,2,2,1,2,2,2,2,2,2
Argentina,2007,1,1,1,1,1,1,1,1,1,1
Argentina,2013,1,1,1,1,1,1,1,1,1,1
Argentina,2015,7,7,7,5,7,7,7,7,7,7
Argentina,2016,11,11,11,10,11,11,11,11,11,11
Argentina,2017,14,14,14,12,12,14,14,14,14,14
Argentina,2018,17,17,17,15,17,17,17,17,17,17
Argentina,2019,13,13,13,7,12,13,13,13,13,13
Argentina,2020,11,11,11,8,7,11,11,11,11,11
Armenia,2017,1,1,1,1,0,1,1,1,1,1
Australia,1979,1,1,1,1,1,1,1,1,1,1
Australia,1981,1,1,1,1,1,1,1,1,1,1
Australia,1986,1,1,1,0,1,1,1,1,1,1
Australia,1990,1,1,1,1,1,1,1,1,1,1
Australia,1992,2,2,2,2,2,2,2,2,2,2
Australia,1998,2,2,2,2,2,2,2,2,2,2
Australia,1999,1,1,1,0,1,1,1,1,1,1
Australia,2003,2,2,2,2,2,2,2,2,2,2
Australia,2005,3,3,3,3,3,3,3,3,3,3
Australia,2007,4,4,4,3,4,4,4,4,4,4
Australia,2008,1,1,1,1,1,1,1,1,1,1
Australia,2009,3,3,3,2,3,3,3,3,3,3
Australia,2010,8,8,8,8,8,8,8,8,8,8
Australia,2011,1,1,1,1,1,1,1,1,1,1
Australia,2012,3,3,3,2,2,3,3,3,3,3
Australia,2013,3,3,3,2,3,3,3,3,3,3
Australia,2014,4,4,4,4,3,4,4,4,4,4
Australia,2015,17,17,17,11,14,16,16,17,17,17
Australia,2016,17,17,17,7,14,17,17,17,17,17
Australia,2017,20,20,20,12,16,20,20,20,20,20
Australia,2018,21,21,21,11,20,21,21,21,21,21
Australia,2019,16,16,16,5,14,16,16,16,16,16
Australia,2020,12,12,12,4,12,12,12,12,12,12
Austria,2014,1,1,1,1,1,1,1,1,1,1
Austria,2016,2,2,2,2,1,2,2,2,2,2
Austria,2017,2,2,2,2,2,2,2,2,2,2
Austria,2018,3,3,3,3,2,3,3,3,3,3
Austria,2019,1,1,1,1,1,1,1,1,1,1
Austria,2020,2,2,2,1,2,2,2,2,2,2
Azerbaijan,2013,1,1,1,0,1,1,1,1,1,1
Bahamas,2006,1,1,1,1,1,1,1,1,1,1
Bangladesh,2012,1,1,1,1,1,1,1,1,1,1
Bangladesh,2018,2,2,2,2,2,2,2,2,2,2
Belarus,2016,1,1,1,0,1,1,1,1,1,1
Belgium,1991,1,1,1,1,1,1,1,1,1,1
Belgium,1999,1,1,1,1,1,1,1,1,1,1
Belgium,2007,1,1,1,0,1,1,1,1,1,1
Belgium,2011,3,3,3,3,3,3,3,3,3,3
Belgium,2012,1,1,1,1,1,1,1,1,1,1
Belgium,2013,7,7,7,7,7,7,7,7,7,7
Belgium,2014,3,3,3,3,3,3,3,3,3,3
Belgium,2015,7,7,7,7,6,7,7,7,7,7
Belgium,2016,15,15,15,15,14,15,15,15,15,15
Belgium,2017,14,14,14,10,14,14,14,14,14,14
Belgium,2018,16,16,16,15,16,16,16,16,16,16
Belgium,2019,11,11,11,9,9,11,11,11,11,11
Belgium,2020,5,5,5,3,5,5,5,5,5,5
Bermuda,2014,1,1,1,1,1,1,1,1,1,1
Botswana,2016,1,1,1,1,0,1,1,1,1,1
Brazil,2002,1,1,1,1,1,1,1,1,1,1
Brazil,2012,3,3,3,3,2,3,3,3,3,3
Brazil,2013,3,3,3,3,1,3,3,3,3,3
Brazil,2014,3,3,3,2,3,3,3,3,3,3
Brazil,2015,3,3,3,3,3,3,3,3,3,3
Brazil,2016,7,7,7,7,6,7,7,7,7,7
Brazil,2017,12,12,12,11,11,12,12,12,12,12
Brazil,2018,15,15,15,8,13,15,15,15,15,15
Brazil,2019,18,18,18,11,16,18,18,18,18,18
Brazil,2020,23,23,23,13,21,23,23,23,23,23
Bulgaria,2014,1,1,1,1,1,1,1,1,1,1
Bulgaria,2015,1,1,1,1,1,1,1,1,1,1
Bulgaria,2016,2,2,2,2,2,2,2,2,2,2
Bulgaria,2017,3,3,3,3,3,3,3,3,3,3
Bulgaria,2018,1,1,1,1,1,1,1,1,1,1
Bulgaria,2020,1,1,1,1,1,1,1,1,1,1
Cambodia,2016,2,2,2,2,2,2,2,2,2,2
Cambodia,2017,2,2,2,2,2,2,2,2,2,2
"Cambodia,",2018,1,1,1,1,1,1,1,1,1,1
Canada,1979,1,1,1,0,0,1,1,1,1,1
Canada,1980,1,1,1,1,1,1,1,1,1,1
Canada,1989,1,1,1,0,1,1,1,1,1,1
Canada,1993,1,1,1,0,1,1,1,1,1,1
Canada,1997,2,2,2,0,2,2,2,2,2,2
Canada,1998,2,2,2,1,2,2,2,2,2,2
Canada,1999,1,1,1,1,1,1,1,1,1,1
Canada,2000,3,3,3,3,3,3,3,3,3,3
Canada,2001,2,2,2,2,2,2,2,2,2,2
Canada,2002,2,2,2,2,2,2,2,2,2,2
Canada,2003,2,2,2,2,2,2,2,2,2,2
Canada,2004,4,4,4,4,4,4,4,4,4,4
Canada,2005,2,2,2,2,2,2,2,2,2,2
Canada,2006,3,3,3,2,3,3,3,3,3,3
Canada,2007,5,5,5,3,5,5,5,5,5,5
Canada,2008,3,3,3,3,3,3,3,3,3,3
Canada,2009,8,8,8,6,8,8,8,8,8,8
Canada,2010,14,14,14,11,13,14,14,14,14,14
Canada,2011,13,13,13,9,13,13,13,13,13,13
Canada,2012,14,14,14,9,14,14,14,14,14,14
Canada,2013,8,8,8,5,8,8,8,8,8,8
Canada,2014,28,28,28,23,25,28,28,28,28,28
Canada,2015,31,31,31,23,27,31,31,31,31,31
Canada,2016,54,54,54,38,51,54,54,54,54,54
Canada,2017,57,57,57,45,53,57,57,57,57,57
Canada,2018,64,64,64,45,56,64,64,64,64,64
Canada,2019,43,43,43,23,40,43,43,43,43,43
Canada,2020,41,41,41,20,38,41,41,41,41,41
Canada,2021,2,2,2,1,2,2,2,2,2,2
Cayman Islands,2018,1,1,1,1,1,1,1,1,1,1
Cayman Islands,2021,1,1,1,1,1,1,1,1,1,1
Chile,2012,1,1,1,1,1,1,1,1,1,1
Chile,2013,2,2,2,1,2,2,2,2,2,2
Chile,2015,6,6,6,4,6,6,6,6,6,6
Chile,2016,6,6,6,5,6,6,6,6,6,6
Chile,2017,3,3,3,3,3,3,3,3,3,3
Chile,2018,4,4,4,4,4,4,4,4,4,4
Chile,2019,2,2,2,2,2,2,2,2,2,2
Chile,2020,2,2,2,1,1,2,2,2,2,2
China,1986,1,1,1,1,1,1,1,1,1,1
China,1997,1,1,1,1,1,1,1,1,1,1
China,2000,1,1,1,1,1,1,1,1,1,1
China,2004,2,2,2,2,2,2,2,2,2,2
China,2005,1,1,1,1,1,1,1,1,1,1
China,2006,1,1,1,1,1,1,1,1,1,1
China,2007,1,1,1,1,1,1,1,1,1,1
China,2008,4,4,4,3,4,4,4,4,4,4
China,2010,5,5,5,3,5,5,5,5,5,5
China,2011,3,3,3,2,3,3,3,3,3,3
China,2012,2,2,2,0,2,2,2,2,2,2
China,2013,3,3,3,3,3,3,3,3,3,3
China,2014,4,4,4,4,4,4,4,4,4,4
China,2015,10,10,10,7,8,10,10,10,10,10
China,2016,25,25,25,19,24,25,25,25,25,25
China,2017,26,26,26,21,25,26,26,26,26,26
China,2018,22,22,22,16,21,22,22,22,22,22
China,2019,23,23,23,10,23,23,23,23,23,23
China,2020,12,12,12,6,12,12,12,12,12,12
Colombia,2003,1,1,1,0,1,1,1,1,1,1
Colombia,2007,1,1,1,1,0,1,1,1,1,1
Colombia,2008,2,2,2,0,2,2,2,2,2,2
Colombia,2010,1,1,1,0,1,1,1,1,1,1
Colombia,2012,2,2,2,1,1,2,2,2,2,2
Colombia,2015,1,1,1,0,1,1,1,1,1,1
Colombia,2016,4,4,4,2,4,4,4,4,4,4
Colombia,2017,4,4,4,2,4,4,4,4,4,4
Colombia,2018,14,14,14,7,13,14,14,14,14,14
Colombia,2019,9,9,9,3,9,9,9,9,9,9
Colombia,2020,6,6,6,2,6,6,6,6,6,6
Croatia,2012,1,1,1,1,1,1,1,1,1,1
Croatia,2015,1,1,1,1,1,1,1,1,1,1
Croatia,2016,1,1,1,1,1,1,1,1,1,1
Croatia,2018,1,1,1,0,1,1,1,1,1,1
Cuba,2016,1,1,1,0,1,1,1,1,1,1
Cyprus,2017,1,1,1,0,1,1,1,1,1,1
Czech Republic,2004,1,1,1,1,1,1,1,1,1,1
Czech Republic,2005,3,3,3,3,3,3,3,3,3,3
Czech Republic,2006,2,2,2,2,2,2,2,2,2,2
Czech Republic,2009,1,1,1,1,1,1,1,1,1,1
Czech Republic,2013,1,1,1,1,1,1,1,1,1,1
Czech Republic,2014,1,1,1,1,1,1,1,1,1,1
Czech Republic,2016,4,4,4,4,3,4,4,4,4,4
Czech Republic,2017,1,1,1,1,1,1,1,1,1,1
Czech Republic,2018,4,4,4,0,1,4,4,4,4,4
Czech Republic,2019,1,1,1,0,0,1,1,1,1,1
Czech Republic,2020,1,1,1,0,1,1,1,1,1,1
Denmark,1989,1,1,1,1,1,1,1,1,1,1
Denmark,2005,1,1,1,1,1,1,1,1,1,1
Denmark,2007,1,1,1,1,1,1,1,1,1,1
Denmark,2012,3,3,3,2,3,3,3,3,3,3
Denmark,2013,3,3,3,3,3,3,3,3,3,3
Denmark,2014,6,6,6,6,4,6,6,6,6,6
Denmark,2015,4,4,4,4,4,4,4,4,4,4
Denmark,2016,7,7,7,4,3,7,7,7,7,7
Denmark,2017,5,5,5,5,4,5,5,5,5,5
Denmark,2018,6,6,6,4,6,6,6,6,6,6
Denmark,2019,2,2,2,1,2,2,2,2,2,2
Denmark,2020,5,5,5,1,4,5,5,5,5,5
Dominican Republic,2017,1,1,1,1,1,1,1,1,1,1
East Germany,1971,1,1,1,1,1,1,1,1,1,1
Ecuador,2014,1,1,1,1,1,1,1,1,1,1
Egypt,1954,1,1,1,1,1,1,1,1,1,1
Egypt,1956,1,1,1,1,1,1,1,1,1,1
Egypt,1958,1,1,1,1,1,1,1,1,1,1
Egypt,1963,1,1,1,1,1,1,1,1,1,1
Egypt,1970,1,1,1,1,1,1,1,1,1,1
Egypt,1973,1,1,1,1,1,1,1,1,1,1
Egypt,1976,2,2,2,2,2,2,2,2,2,2
Egypt,1979,2,2,2,2,2,2,2,2,2,2
Egypt,1981,1,1,1,1,1,1,1,1,1,1
Egypt,1982,1,1,1,1,1,1,1,1,1,1
Egypt,1989,1,1,1,1,1,1,1,1,1,1
Egypt,1994,1,1,1,1,1,1,1,1,1,1
Egypt,1997,1,1,1,1,1,1,1,1,1,1
Egypt,1999,1,1,1,1,1,1,1,1,1,1
Egypt,2004,2,2,2,2,2,2,2,2,2,2
Egypt,2005,1,1,1,1,1,1,1,1,1,1
Egypt,2006,5,5,5,5,5,5,5,5,5,5
Egypt,2007,2,2,2,2,2,2,2,2,2,2
Egypt,2008,4,4,4,4,4,4,4,4,4,4
Egypt,2009,4,4,4,4,4,4,4,4,4,4
Egypt,2010,5,5,5,5,5,5,5,5,5,5
Egypt,2011,7,7,7,7,7,7,7,7,7,7
Egypt,2012,9,9,9,8,9,9,9,9,9,9
Egypt,2013,6,6,6,6,6,6,6,6,6,6
Egypt,2014,4,4,4,4,4,4,4,4,4,4
Egypt,2015,2,2,2,2,2,2,2,2,2,2
Egypt,2016,7,7,7,6,7,7,7,7,7,7
Egypt,2017,14,14,14,10,13,14,14,14,14,14
Egypt,2018,15,15,15,9,15,15,15,15,15,15
Egypt,2019,5,5,5,4,5,5,5,5,5,5
Egypt,2020,2,2,2,0,2,2,2,2,2,2
Finland,2012,1,1,1,1,1,1,1,1,1,1
Finland,2014,1,1,1,1,0,1,1,1,1,1
Finland,2016,2,2,2,1,2,2,2,2,2,2
Finland,2017,1,1,1,1,0,1,1,1,1,1
Finland,2018,1,1,1,0,1,1,1,1,1,1
Finland,2019,4,4,4,3,3,4,4,4,4,4
Finland,2020,1,1,1,0,1,1,1,1,1,1
France,1955,1,1,1,1,1,1,1,1,1,1
France,1974,1,1,1,1,1,1,1,1,1,1
France,1979,1,1,1,0,0,1,1,1,1,1
France,1980,1,1,1,1,1,1,1,1,1,1
France,1982,1,1,1,1,1,1,1,1,1,1
France,1989,2,2,2,2,2,2,2,2,2,2
France,1991,1,1,1,1,1,1,1,1,1,1
France,1992,1,1,1,1,1,1,1,1,1,1
France,1993,2,2,2,2,2,2,2,2,2,2
France,1994,1,1,1,1,1,1,1,1,1,1
France,1996,1,1,1,0,1,1,1,1,1,1
France,1997,3,3,3,1,3,3,3,3,3,3
France,1998,1,1,1,0,1,1,1,1,1,1
France,1999,3,3,3,2,3,3,3,3,3,3
France,2000,2,2,2,1,2,2,2,2,2,2
France,2002,5,5,5,3,5,5,5,5,5,5
France,2003,3,3,3,3,3,3,3,3,3,3
France,2004,1,1,1,0,0,1,1,1,1,1
France,2005,1,1,1,1,1,1,1,1,1,1
France,2006,2,2,2,2,2,2,2,2,2,2
France,2007,2,2,2,1,2,2,2,2,2,2
France,2008,4,4,4,4,4,4,4,4,4,4
France,2009,7,7,7,6,7,7,7,7,7,7
France,2010,11,11,11,10,11,11,11,11,11,11
France,2011,10,10,10,8,9,10,10,10,10,10
France,2012,7,7,7,6,6,7,7,7,7,7
France,2013,14,14,14,14,13,14,14,14,14,14
France,2014,21,21,21,19,14,21,21,21,21,21
France,2015,34,34,34,27,32,34,34,34,34,34
France,2016,51,51,51,43,45,51,51,51,51,51
France,2017,39,39,39,31,36,39,39,39,39,39
France,2018,46,46,46,31,44,46,46,46,46,46
France,2019,43,43,43,30,40,43,43,43,43,43
France,2020,26,26,26,17,24,26,26,26,26,26
Georgia,2017,1,1,1,1,1,1,1,1,1,1
Georgia,2018,1,1,1,1,0,1,1,1,1,1
Germany,1997,1,1,1,1,1,1,1,1,1,1
Germany,1998,1,1,1,1,1,1,1,1,1,1
Germany,1999,3,3,3,3,3,3,3,3,3,3
Germany,2000,3,3,3,3,3,3,3,3,3,3
Germany,2001,2,2,2,2,2,2,2,2,2,2
Germany,2002,4,4,4,4,4,4,4,4,4,4
Germany,2003,1,1,1,1,1,1,1,1,1,1
Germany,2004,3,3,3,3,3,3,3,3,3,3
Germany,2005,6,6,6,6,6,6,6,6,6,6
Germany,2006,4,4,4,4,4,4,4,4,4,4
Germany,2007,2,2,2,2,2,2,2,2,2,2
Germany,2008,5,5,5,5,5,5,5,5,5,5
Germany,2009,6,6,6,6,6,6,6,6,6,6
Germany,2010,4,4,4,3,4,4,4,4,4,4
Germany,2011,6,6,6,4,6,6,6,6,6,6
Germany,2012,6,6,6,5,6,6,6,6,6,6
Germany,2013,6,6,6,6,5,6,6,6,6,6
Germany,2014,11,11,11,10,10,11,11,11,11,11
Germany,2015,14,14,14,12,12,14,14,14,14,14
Germany,2016,30,30,30,27,28,30,30,30,30,30
Germany,2017,22,22,22,17,19,22,22,22,22,22
Germany,2018,13,13,13,10,12,13,13,13,13,13
Germany,2019,14,14,14,7,9,14,14,14,14,14
Germany,2020,32,32,32,13,29,32,32,32,32,32
Ghana,2017,1,1,1,1,1,1,1,1,1,1
Ghana,2018,2,2,2,2,2,2,2,2,2,2
Ghana,2019,1,1,1,1,1,1,1,1,1,1
Greece,2011,3,3,3,1,3,3,3,3,3,3
Greece,2012,1,1,1,0,1,1,1,1,1,1
Greece,2014,1,1,1,1,1,1,1,1,1,1
Greece,2015,1,1,1,1,1,1,1,1,1,1
Greece,2016,3,3,3,3,3,3,3,3,3,3
Greece,2017,1,1,1,1,0,1,1,1,1,1
Guatemala,2017,1,1,1,1,1,1,1,1,1,1
Guatemala,2019,1,1,1,1,1,1,1,1,1,1
Hong Kong,1973,2,2,2,2,2,2,2,2,2,2
Hong Kong,1975,1,1,1,1,1,1,1,1,1,1
Hong Kong,1978,2,2,2,2,2,2,2,2,2,2
Hong Kong,1980,2,2,2,2,2,2,2,2,2,2
Hong Kong,1981,1,1,1,1,1,1,1,1,1,1
Hong Kong,1982,2,2,2,2,2,2,2,2,2,2
Hong Kong,1983,3,3,3,2,3,3,3,3,3,3
Hong Kong,1984,3,3,3,3,3,3,3,3,3,3
Hong Kong,1985,2,2,2,2,2,2,2,2,2,2
Hong Kong,1986,1,1,1,1,1,1,1,1,1,1
Hong Kong,1988,1,1,1,1,1,1,1,1,1,1
Hong Kong,1989,1,1,1,1,1,1,1,1,1,1
Hong Kong,1990,1,1,1,1,1,1,1,1,1,1
Hong Kong,1991,1,1,1,1,1,1,1,1,1,1
Hong Kong,1992,3,3,3,3,3,3,3,3,3,3
Hong Kong,1993,2,2,2,2,2,2,2,2,2,2
Hong Kong,1994,1,1,1,1,1,1,1,1,1,1
Hong Kong,1995,2,2,2,2,2,2,2,2,2,2
Hong Kong,1997,2,2,2,2,2,2,2,2,2,2
Hong Kong,2000,1,1,1,1,1,1,1,1,1,1
Hong Kong,2001,1,1,1,1,1,1,1,1,1,1
Hong Kong,2002,1,1,1,1,1,1,1,1,1,1
Hong Kong,2004,2,2,2,2,2,2,2,2,2,2
Hong Kong,2005,1,1,1,1,1,1,1,1,1,1
Hong Kong,2006,2,2,2,2,2,2,2,2,2,2
Hong Kong,2007,3,3,3,3,3,3,3,3,3,3
Hong Kong,2008,2,2,2,2,2,2,2,2,2,2
Hong Kong,2009,3,3,3,3,3,3,3,3,3,3
Hong Kong,2010,4,4,4,4,4,4,4,4,4,4
Hong Kong,2011,3,3,3,3,3,3,3,3,3,3
Hong Kong,2012,1,1,1,1,1,1,1,1,1,1
Hong Kong,2013,5,5,5,5,5,5,5,5,5,5
Hong Kong,2014,5,5,5,5,5,5,5,5,5,5
Hong Kong,2015,4,4,4,3,4,4,4,4,4,4
Hong Kong,2016,13,13,13,12,13,13,13,13,13,13
Hong Kong,2017,5,5,5,4,5,5,5,5,5,5
Hong Kong,2018,7,7,7,6,7,7,7,7,7,7
Hong Kong,2019,6,6,6,4,6,6,6,6,6,6
Hungary,2013,1,1,1,0,1,1,1,1,1,1
Hungary,2015,1,1,1,1,1,1,1,1,1,1
Hungary,2016,2,2,2,2,2,2,2,2,2,2
Hungary,2017,1,1,1,1,1,1,1,1,1,1
Hungary,2018,1,1,1,1,1,1,1,1,1,1
Hungary,2019,2,2,2,2,2,2,2,2,2,2
Hungary,2020,1,1,1,1,1,1,1,1,1,1
Iceland,2015,1,1,1,0,1,1,1,1,1,1
Iceland,2017,2,2,2,2,2,2,2,2,2,2
Iceland,2018,3,3,3,3,3,3,3,3,3,3
Iceland,2019,1,1,1,1,1,1,1,1,1,1
Iceland,2020,2,2,2,1,2,2,2,2,2,2
India,1959,1,1,1,1,1,1,1,1,1,1
India,1960,1,1,1,1,1,1,1,1,1,1
India,1962,1,1,1,1,1,1,1,1,1,1
India,1964,1,1,1,1,1,1,1,1,1,1
India,1966,1,1,1,1,1,1,1,1,1,1
India,1969,1,1,1,1,1,1,1,1,1,1
India,1971,2,2,2,2,2,2,2,2,2,2
India,1972,2,2,2,2,2,2,2,2,2,2
India,1973,2,2,2,2,2,2,2,2,2,2
India,1974,2,2,2,2,2,2,2,2,2,2
India,1975,2,2,2,2,2,2,2,2,2,2
India,1976,2,2,2,1,2,2,2,2,2,2
India,1977,2,2,2,2,2,2,2,2,2,2
India,1978,1,1,1,1,1,1,1,1,1,1
India,1979,2,2,2,2,2,2,2,2,2,2
India,1980,3,3,3,3,3,3,3,3,3,3
India,1981,1,1,1,1,1,1,1,1,1,1
India,1982,6,6,6,6,6,6,6,6,6,6
India,1983,4,4,4,4,4,4,4,4,4,4
India,1984,2,2,2,2,2,2,2,2,2,2
India,1985,2,2,2,2,2,2,2,2,2,2
India,1986,2,2,2,2,2,2,2,2,2,2
India,1987,1,1,1,1,1,1,1,1,1,1
India,1988,2,2,2,2,2,2,2,2,2,2
India,1989,2,2,2,2,2,2,2,2,2,2
India,1990,4,4,4,4,4,4,4,4,4,4
India,1991,1,1,1,1,1,1,1,1,1,1
India,1992,1,1,1,1,1,1,1,1,1,1
India,1993,4,4,4,4,4,4,4,4,4,4
India,1994,4,4,4,4,4,4,4,4,4,4
India,1995,4,4,4,4,4,4,4,4,4,4
India,1996,3,3,3,3,3,3,3,3,3,3
India,1997,3,3,3,3,3,3,3,3,3,3
India,1998,5,5,5,5,5,5,5,5,5,5
India,1999,6,6,6,6,6,6,6,6,6,6
India,2000,7,7,7,7,7,7,7,7,7,7
India,2001,8,8,8,8,8,8,8,8,8,8
India,2002,9,9,9,9,9,9,9,9,9,9
India,2003,13,13,13,13,13,13,13,13,13,13
India,2004,15,15,15,15,15,15,15,15,15,15
India,2005,20,20,20,20,19,20,20,20,20,20
India,2006,20,20,20,20,20,20,20,20,20,20
India,2007,17,17,17,17,17,17,17,17,17,17
India,2008,26,26,26,26,26,26,26,26,26,26
India,2009,27,27,27,26,27,27,27,27,27,27
India,2010,41,41,41,36,40,41,41,41,41,41
India,2011,32,32,32,31,32,32,32,32,32,32
India,2012,39,39,39,36,39,39,39,39,39,39
India,2013,56,56,56,53,53,56,56,56,56,56
India,2014,56,56,56,50,54,56,56,56,56,56
India,2015,70,70,70,61,65,70,70,70,70,70
India,2016,79,79,79,77,74,79,79,79,79,79
India,2017,111,111,111,107,109,111,111,111,111,111
India,2018,102,102,102,89,97,102,102,102,102,102
India,2019,90,90,90,75,85,90,90,90,90,90
India,2020,68,68,68,54,62,68,68,68,68,68
India,2021,1,1,1,0,1,1,1,1,1,1
Indonesia,2002,1,1,1,1,1,1,1,1,1,1
Indonesia,2003,1,1,1,1,1,1,1,1,1,1
Indonesia,2005,1,1,1,1,1,1,1,1,1,1
Indonesia,2008,3,3,3,3,3,3,3,3,3,3
Indonesia,2009,3,3,3,3,3,3,3,3,3,3
Indonesia,2011,3,3,3,3,3,3,3,3,3,3
Indonesia,2012,2,2,2,2,2,2,2,2,2,2
Indonesia,2013,3,3,3,3,3,3,3,3,3,3
Indonesia,2014,2,2,2,2,1,2,2,2,2,2
Indonesia,2015,6,6,6,5,6,6,6,6,6,6
Indonesia,2016,9,9,9,8,9,9,9,9,9,9
Indonesia,2017,9,9,9,9,9,9,9,9,9,9
Indonesia,2018,16,16,16,16,15,16,16,16,16,16
Indonesia,2019,9,9,9,9,9,9,9,9,9,9
Indonesia,2020,12,12,12,11,12,12,12,12,12,12
Iran,2011,1,1,1,1,1,1,1,1,1,1
Iran,2016,1,1,1,1,1,1,1,1,1,1
Iran,2018,2,2,2,2,2,2,2,2,2,2
Iraq,2015,1,1,1,1,1,1,1,1,1,1
Iraq,2018,1,1,1,1,0,1,1,1,1,1
Ireland,1989,1,1,1,1,1,1,1,1,1,1
Ireland,2007,1,1,1,1,1,1,1,1,1,1
Ireland,2010,3,3,3,2,3,3,3,3,3,3
Ireland,2011,1,1,1,1,1,1,1,1,1,1
Ireland,2013,1,1,1,0,1,1,1,1,1,1
Ireland,2014,1,1,1,1,1,1,1,1,1,1
Ireland,2015,4,4,4,2,3,4,4,4,4,4
Ireland,2016,14,14,14,11,12,14,14,14,14,14
Ireland,2017,6,6,6,5,6,6,6,6,6,6
Ireland,2018,6,6,6,4,6,6,6,6,6,6
Ireland,2019,1,1,1,1,1,1,1,1,1,1
Ireland,2020,1,1,1,0,1,1,1,1,1,1
Israel,2012,1,1,1,1,0,1,1,1,1,1
Israel,2013,2,2,2,2,2,2,2,2,2,2
Israel,2014,2,2,2,2,1,2,2,2,2,2
Israel,2015,5,5,5,3,5,5,5,5,5,5
Israel,2016,5,5,5,4,3,5,5,5,5,5
Israel,2017,4,4,4,2,3,4,4,4,4,4
Israel,2018,5,5,5,4,5,5,5,5,5,5
Israel,2019,1,1,1,1,1,1,1,1,1,1
Israel,2020,1,1,1,0,1,1,1,1,1,1
Italy,1955,2,2,2,2,2,2,2,2,2,2
Italy,1965,1,1,1,1,1,1,1,1,1,1
Italy,1968,1,1,1,1,1,1,1,1,1,1
Italy,1986,1,1,1,0,1,1,1,1,1,1
Italy,1991,1,1,1,1,1,1,1,1,1,1
Italy,2001,1,1,1,1,1,1,1,1,1,1
Italy,2002,1,1,1,1,1,1,1,1,1,1
Italy,2009,2,2,2,2,2,2,2,2,2,2
Italy,2010,1,1,1,1,1,1,1,1,1,1
Italy,2011,2,2,2,1,2,2,2,2,2,2
Italy,2013,4,4,4,4,3,4,4,4,4,4
Italy,2014,3,3,3,2,1,3,3,3,3,3
Italy,2015,5,5,5,4,4,5,4,5,5,5
Italy,2016,15,15,15,12,11,15,15,15,15,15
Italy,2017,12,12,12,10,8,12,12,12,12,12
Italy,2018,8,8,8,6,8,8,8,8,8,8
Italy,2019,13,13,13,11,13,13,13,13,13,13
Italy,2020,17,17,17,11,15,17,17,17,17,17
Jamaica,2018,1,1,1,1,1,1,1,1,1,1
Japan,1979,1,1,1,1,1,1,1,1,1,1
Japan,1981,1,1,1,0,1,1,1,1,1,1
Japan,1985,1,1,1,0,1,1,1,1,1,1
Japan,1986,1,1,1,0,1,1,1,1,1,1
Japan,1992,2,2,2,2,2,2,2,2,2,2
Japan,1995,1,1,1,0,1,1,1,1,1,1
Japan,1996,1,1,1,0,1,1,1,1,1,1
Japan,1997,3,3,3,1,3,3,3,3,3,3
Japan,1998,3,3,3,1,3,3,3,3,3,3
Japan,1999,2,2,2,0,2,2,2,2,2,2
Japan,2000,2,2,2,0,2,2,2,2,2,2
Japan,2001,2,2,2,1,2,2,2,2,2,2
Japan,2002,3,3,3,1,3,3,3,3,3,3
Japan,2003,3,3,3,2,3,3,3,3,3,3
Japan,2004,2,2,2,2,2,2,2,2,2,2
Japan,2005,4,4,4,3,4,4,4,4,4,4
Japan,2006,4,4,4,3,4,4,4,4,4,4
Japan,2007,3,3,3,1,3,3,3,3,3,3
Japan,2008,10,10,10,2,10,9,10,10,10,10
Japan,2009,5,5,5,2,5,5,5,5,5,5
Japan,2010,11,11,11,6,11,11,11,11,11,11
Japan,2011,7,7,7,2,7,7,7,7,7,7
Japan,2012,6,6,6,3,5,6,6,6,6,6
Japan,2013,12,12,12,6,11,12,11,12,12,12
Japan,2014,16,16,16,3,16,16,16,16,16,16
Japan,2015,15,15,15,5,14,15,15,15,15,15
Japan,2016,22,22,22,12,22,22,22,22,22,22
Japan,2017,35,35,35,16,33,35,35,35,35,35
Japan,2018,49,49,49,17,48,49,49,49,49,49
Japan,2019,38,38,38,13,38,38,38,38,38,38
Japan,2020,22,22,22,8,21,22,22,22,22,22
Jordan,2012,1,1,1,1,1,1,1,1,1,1
Jordan,2014,1,1,1,1,1,1,1,1,1,1
Jordan,2015,1,1,1,1,1,1,1,1,1,1
Jordan,2016,3,3,3,3,3,3,3,3,3,3
Jordan,2017,1,1,1,1,0,1,1,1,1,1
Jordan,2019,1,1,1,0,1,1,1,1,1,1
Kazakhstan,2016,1,1,1,1,0,1,1,1,1,1
Kenya,2014,1,1,1,1,1,1,1,1,1,1
Kenya,2017,1,1,1,1,1,1,1,1,1,1
Kenya,2018,2,2,2,2,2,2,2,2,2,2
Kenya,2019,1,1,1,1,1,1,1,1,1,1
Kuwait,1981,1,1,1,1,1,1,1,1,1,1
Kuwait,2017,1,1,1,0,1,1,1,1,1,1
Kuwait,2018,1,1,1,1,1,1,1,1,1,1
Kuwait,2019,4,4,4,2,4,4,4,4,4,4
Latvia,2016,1,1,1,1,1,1,1,1,1,1
Lebanon,1975,1,1,1,1,1,1,1,1,1,1
Lebanon,1979,1,1,1,0,0,1,1,1,1,1
Lebanon,1980,1,1,1,1,1,1,1,1,1,1
Lebanon,1982,1,1,1,1,1,1,1,1,1,1
Lebanon,1999,1,1,1,1,1,1,1,1,1,1
Lebanon,2003,1,1,1,1,1,1,1,1,1,1
Lebanon,2005,1,1,1,1,1,1,1,1,1,1
Lebanon,2007,1,1,1,1,1,1,1,1,1,1
Lebanon,2010,1,1,1,1,1,1,1,1,1,1
Lebanon,2012,1,1,1,1,1,1,1,1,1,1
Lebanon,2013,1,1,1,1,1,1,1,1,1,1
Lebanon,2014,3,3,3,3,3,3,3,3,3,3
Lebanon,2015,1,1,1,1,1,1,1,1,1,1
Lebanon,2017,5,5,5,3,5,5,5,5,5,5
Lebanon,2018,3,3,3,1,3,3,3,3,3,3
Lebanon,2019,2,2,2,0,2,2,2,2,2,2
Lebanon,2020,1,1,1,0,1,1,1,1,1,1
Liechtenstein,1965,1,1,1,1,1,1,1,1,1,1
Lithuania,2015,1,1,1,1,1,1,1,1,1,1
Luxembourg,2011,1,1,1,0,1,1,1,1,1,1
Luxembourg,2013,1,1,1,1,1,1,1,1,1,1
Luxembourg,2014,1,1,1,1,1,1,1,1,1,1
Luxembourg,2015,1,1,1,1,1,1,1,1,1,1
Luxembourg,2016,1,1,1,1,1,1,1,1,1,1
Luxembourg,2017,1,1,1,1,1,1,1,1,1,1
Luxembourg,2018,4,4,4,4,4,4,4,4,4,4
Luxembourg,2019,1,1,1,1,1,1,1,1,1,1
Malawi,2019,1,1,1,1,1,1,1,1,1,1
Malaysia,1960,1,1,1,1,1,1,1,1,1,1
Malaysia,2003,1,1,1,0,1,1,1,1,1,1
Malaysia,2004,1,1,1,1,1,1,1,1,1,1
Malaysia,2006,1,1,1,1,1,1,1,1,1,1
Malaysia,2009,1,1,1,1,1,1,1,1,1,1
Malaysia,2011,1,1,1,0,1,1,1,1,1,1
Malaysia,2013,1,1,1,1,1,1,1,1,1,1
Malaysia,2014,1,1,1,1,1,1,1,1,1,1
Malaysia,2015,4,4,4,2,4,4,4,4,4,4
Malaysia,2016,1,1,1,1,1,1,1,1,1,1
Malaysia,2017,3,3,3,1,1,3,3,3,3,3
Malaysia,2018,6,6,6,6,6,6,6,6,6,6
Malaysia,2019,2,2,2,2,2,2,2,2,2,2
Malaysia,2020,2,2,2,2,2,2,2,2,2,2
Malta,2006,1,1,1,1,1,1,1,1,1,1
Malta,2015,1,1,1,1,1,1,1,1,1,1
Malta,2018,1,1,1,0,1,1,1,1,1,1
Mauritius,2019,1,1,1,0,1,1,1,1,1,1
Mexico,1979,1,1,1,0,1,1,1,1,1,1
Mexico,1990,1,1,1,1,1,1,1,1,1,1
Mexico,1991,1,1,1,1,1,1,1,1,1,1
Mexico,1992,1,1,1,1,1,1,1,1,1,1
Mexico,1993,1,1,1,1,1,1,1,1,1,1
Mexico,1998,1,1,1,1,1,1,1,1,1,1
Mexico,1999,1,1,1,1,1,1,1,1,1,1
Mexico,2001,1,1,1,1,1,1,1,1,1,1
Mexico,2004,2,2,2,0,2,2,2,2,2,2
Mexico,2006,3,3,3,3,3,3,3,3,3,3
Mexico,2007,1,1,1,1,0,1,1,1,1,1
Mexico,2008,1,1,1,0,1,1,1,1,1,1
Mexico,2010,5,5,5,3,5,5,5,5,5,5
Mexico,2012,3,3,3,3,3,3,3,3,3,3
Mexico,2013,2,2,2,1,2,2,2,2,2,2
Mexico,2014,4,4,4,4,4,4,4,4,4,4
Mexico,2015,8,8,8,7,8,8,8,8,8,8
Mexico,2016,22,22,22,18,21,22,22,22,22,22
Mexico,2017,20,20,20,16,18,20,20,20,20,20
Mexico,2018,27,27,27,15,24,27,27,27,27,27
Mexico,2019,25,25,25,16,19,25,25,25,25,25
Mexico,2020,21,21,21,10,19,21,21,21,21,21
Mexico,2021,2,2,2,0,2,2,2,2,2,2
Mongolia,2017,1,1,1,1,0,1,1,1,1,1
Montenegro,2015,1,1,1,1,1,1,1,1,1,1
Morocco,2014,2,2,2,2,1,2,2,2,2,2
Morocco,2015,3,3,3,3,3,3,3,3,3,3
Morocco,2018,1,1,1,1,1,1,1,1,1,1
Namibia,2017,1,1,1,1,0,1,1,1,1,1
Namibia,2019,1,1,1,1,1,1,1,1,1,1
Nepal,2017,1,1,1,1,1,1,1,1,1,1
Nepal,2018,1,1,1,1,1,1,1,1,1,1
Netherlands,2002,1,1,1,0,1,1,1,1,1,1
Netherlands,2005,1,1,1,1,1,1,1,1,1,1
Netherlands,2006,1,1,1,1,1,1,1,1,1,1
Netherlands,2012,1,1,1,1,1,1,1,1,1,1
Netherlands,2014,1,1,1,1,0,1,1,1,1,1
Netherlands,2015,8,8,8,8,7,8,8,8,8,8
Netherlands,2016,7,7,7,7,5,7,7,7,7,7
Netherlands,2017,10,10,10,7,8,10,10,10,10,10
Netherlands,2018,7,7,7,7,7,7,7,7,7,7
Netherlands,2019,4,4,4,3,4,4,4,4,4,4
Netherlands,2020,4,4,4,1,3,4,4,4,4,4
New Zealand,2002,1,1,1,1,1,1,1,1,1,1
New Zealand,2003,2,2,2,1,2,2,2,2,2,2
New Zealand,2005,1,1,1,0,1,1,1,1,1,1
New Zealand,2007,2,2,2,1,2,2,2,2,2,2
New Zealand,2009,1,1,1,1,1,1,1,1,1,1
New Zealand,2011,1,1,1,1,1,1,1,1,1,1
New Zealand,2014,1,1,1,1,0,1,1,1,1,1
New Zealand,2015,3,3,3,3,3,3,3,3,3,3
New Zealand,2016,5,5,5,5,5,5,5,5,5,5
New Zealand,2017,3,3,3,2,2,3,3,3,3,3
New Zealand,2018,5,5,5,3,4,5,5,5,5,5
New Zealand,2019,2,2,2,1,0,2,2,2,2,2
New Zealand,2020,1,1,1,0,1,1,1,1,1,1
Nicaragua,2015,1,1,1,1,1,1,1,1,1,1
Nigeria,2009,1,1,1,1,1,1,1,1,1,1
Nigeria,2010,1,1,1,1,1,1,1,1,1,1
Nigeria,2011,1,1,1,1,1,1,1,1,1,1
Nigeria,2012,2,2,2,2,2,2,2,2,2,2
Nigeria,2013,1,1,1,0,1,1,1,1,1,1
Nigeria,2014,3,3,3,3,3,3,3,3,3,3
Nigeria,2015,5,5,5,5,5,5,5,5,5,5
Nigeria,2016,11,11,11,10,10,11,11,11,11,11
Nigeria,2017,16,16,16,15,16,16,16,16,16,16
Nigeria,2018,18,18,18,16,18,18,18,18,18,18
Nigeria,2019,15,15,15,15,15,15,15,15,15,15
Nigeria,2020,2,2,2,2,2,2,2,2,2,2
Norway,1999,1,1,1,1,1,1,1,1,1,1
Norway,2007,1,1,1,0,0,1,1,1,1,1
Norway,2011,1,1,1,1,1,1,1,1,1,1
Norway,2012,1,1,1,1,1,1,1,1,1,1
Norway,2013,1,1,1,1,0,1,1,1,1,1
Norway,2014,5,5,5,4,4,5,5,5,5,5
Norway,2016,5,5,5,4,5,5,5,5,5,5
Norway,2017,2,2,2,1,2,2,2,2,2,2
Norway,2018,3,3,3,3,3,3,3,3,3,3
Norway,2019,3,3,3,2,3,3,3,3,3,3
Norway,2020,6,6,6,2,6,6,6,6,6,6
Pakistan,2010,1,1,1,1,1,1,1,1,1,1
Pakistan,2011,1,1,1,0,1,1,1,1,1,1
Pakistan,2012,1,1,1,0,1,1,1,1,1,1
Pakistan,2013,1,1,1,1,1,1,1,1,1,1
Pakistan,2014,2,2,2,2,2,2,2,2,2,2
Pakistan,2015,3,3,3,3,3,3,3,3,3,3
Pakistan,2016,4,4,4,4,4,4,4,4,4,4
Pakistan,2017,5,5,5,4,5,5,5,5,5,5
Pakistan,2018,5,5,5,5,5,5,5,5,5,5
Pakistan,2020,1,1,1,1,0,1,1,1,1,1
Panama,2015,1,1,1,1,1,1,1,1,1,1
Paraguay,2018,1,1,1,1,1,1,1,1,1,1
Peru,2015,2,2,2,2,2,2,2,2,2,2
Peru,2016,2,2,2,2,1,2,2,2,2,2
Peru,2017,4,4,4,4,3,4,4,4,4,4
Peru,2018,2,2,2,2,2,2,2,2,2,2
Philippines,2006,1,1,1,1,1,1,1,1,1,1
Philippines,2007,1,1,1,1,1,1,1,1,1,1
Philippines,2008,3,3,3,3,3,3,3,3,3,3
Philippines,2009,1,1,1,1,1,1,1,1,1,1
Philippines,2010,1,1,1,1,1,1,1,1,1,1
Philippines,2011,1,1,1,1,1,1,1,1,1,1
Philippines,2012,4,4,4,4,4,4,4,4,4,4
Philippines,2013,6,6,6,6,6,6,6,6,6,6
Philippines,2014,4,4,4,4,4,4,4,4,4,4
Philippines,2015,10,10,10,10,10,10,10,10,10,10
Philippines,2016,10,10,10,10,10,10,10,10,10,10
Philippines,2017,11,11,11,10,10,11,11,11,11,11
Philippines,2018,9,9,9,9,9,9,9,9,9,9
Philippines,2019,13,13,13,13,13,13,13,13,13,13
Philippines,2020,3,3,3,3,3,3,3,3,3,3
Poland,1967,1,1,1,1,1,1,1,1,1,1
Poland,1970,1,1,1,1,1,1,1,1,1,1
Poland,1973,1,1,1,1,1,1,1,1,1,1
Poland,1978,1,1,1,1,1,1,1,1,1,1
Poland,1982,1,1,1,1,1,1,1,1,1,1
Poland,1983,1,1,1,1,1,1,1,1,1,1
Poland,1985,1,1,1,1,1,1,1,1,1,1
Poland,1989,1,1,1,1,1,1,1,1,1,1
Poland,1990,1,1,1,1,1,1,1,1,1,1
Poland,2013,1,1,1,1,1,1,1,1,1,1
Poland,2014,1,1,1,0,0,1,1,1,1,1
Poland,2015,1,1,1,0,1,1,1,1,1,1
Poland,2016,3,3,3,3,3,3,3,3,3,3
Poland,2017,3,3,3,3,3,3,3,3,3,3
Poland,2018,7,7,7,6,6,7,7,7,7,7
Poland,2019,4,4,4,2,4,4,4,4,4,4
Poland,2020,6,6,6,4,6,6,6,6,6,6
"Poland,",1975,1,1,1,1,1,1,1,1,1,1
Portugal,2014,1,1,1,1,1,1,1,1,1,1
Portugal,2016,2,2,2,2,2,2,2,2,2,2
Portugal,2018,1,1,1,1,1,1,1,1,1,1
Puerto Rico,2018,1,1,1,0,1,1,1,1,1,1
Qatar,2014,1,1,1,1,1,1,1,1,1,1
Qatar,2015,1,1,1,1,1,1,1,1,1,1
Qatar,2016,4,4,4,4,4,4,4,4,4,4
Qatar,2017,1,1,1,1,1,1,1,1,1,1
Romania,2005,1,1,1,1,1,1,1,1,1,1
Romania,2010,1,1,1,1,1,1,1,1,1,1
Romania,2014,1,1,1,1,1,1,1,1,1,1
Romania,2015,2,2,2,2,2,2,2,2,2,2
Romania,2016,2,2,2,2,2,2,2,2,2,2
Romania,2018,2,2,2,2,1,2,2,2,2,2
Romania,2019,3,3,3,3,3,3,3,3,3,3
Russia,2012,1,1,1,0,0,1,1,1,1,1
Russia,2013,2,2,2,2,2,2,2,2,2,2
Russia,2014,3,3,3,2,3,3,3,3,3,3
Russia,2015,7,7,7,2,6,7,7,7,7,7
Russia,2016,3,3,3,2,2,3,3,3,3,3
Russia,2017,4,4,4,0,2,4,4,4,4,4
Russia,2018,3,3,3,1,3,3,3,3,3,3
Russia,2019,3,3,3,0,3,3,3,3,3,3
Russia,2020,1,1,1,1,1,1,1,1,1,1
Samoa,2017,1,1,1,1,0,1,1,1,1,1
Saudi Arabia,2006,1,1,1,1,1,1,1,1,1,1
Saudi Arabia,2008,1,1,1,1,1,1,1,1,1,1
Saudi Arabia,2012,1,1,1,1,1,1,1,1,1,1
Saudi Arabia,2013,1,1,1,0,1,1,1,1,1,1
Saudi Arabia,2014,1,1,1,0,1,1,1,1,1,1
Saudi Arabia,2016,1,1,1,1,1,1,1,1,1,1
Saudi Arabia,2017,1,1,1,0,1,1,1,1,1,1
Saudi Arabia,2020,3,3,3,3,3,3,3,3,3,3
Senegal,2015,1,1,1,1,0,1,1,1,1,1
Senegal,2019,2,2,2,1,2,2,2,2,2,2
Serbia,2014,1,1,1,1,1,1,1,1,1,1
Serbia,2015,1,1,1,1,1,1,1,1,1,1
Serbia,2016,1,1,1,1,1,1,1,1,1,1
Serbia,2017,1,1,1,1,1,1,1,1,1,1
Serbia,2018,2,2,2,2,2,2,2,2,2,2
Serbia,2019,1,1,1,1,1,1,1,1,1,1
Singapore,2009,3,3,3,0,3,3,3,3,3,3
Singapore,2010,1,1,1,1,1,1,1,1,1,1
Singapore,2011,4,4,4,1,4,4,4,4,4,4
Singapore,2012,5,5,5,3,5,5,5,5,5,5
Singapore,2013,1,1,1,0,1,1,1,1,1,1
Singapore,2014,6,6,6,1,6,6,6,6,6,6
Singapore,2015,3,3,3,1,3,3,3,3,3,3
Singapore,2016,3,3,3,1,3,3,3,3,3,3
Singapore,2017,3,3,3,2,3,3,3,3,3,3
Singapore,2018,4,4,4,4,4,4,4,4,4,4
Singapore,2019,5,5,5,3,5,5,5,5,5,5
Singapore,2020,1,1,1,1,1,1,1,1,1,1
Slovakia,2016,1,1,1,1,1,1,1,1,1,1
Slovenia,2015,1,1,1,1,1,1,1,1,1,1
Slovenia,2016,2,2,2,2,2,2,2,2,2,2
Somalia,2017,1,1,1,1,1,1,1,1,1,1
South Africa,1986,1,1,1,0,1,1,1,1,1,1
South Africa,2002,1,1,1,1,1,1,1,1,1,1
South Africa,2008,1,1,1,1,1,1,1,1,1,1
South Africa,2009,1,1,1,1,1,1,1,1,1,1
South Africa,2010,1,1,1,1,1,1,1,1,1,1
South Africa,2012,2,2,2,2,2,2,2,2,2,2
South Africa,2013,3,3,3,3,3,3,3,3,3,3
South Africa,2014,1,1,1,1,1,1,1,1,1,1
South Africa,2015,6,6,6,6,6,6,6,6,6,6
South Africa,2016,6,6,6,6,6,6,6,6,6,6
South Africa,2017,14,14,14,12,11,14,14,14,14,14
South Africa,2018,6,6,6,5,6,6,6,6,6,6
South Africa,2019,4,4,4,3,4,4,4,4,4,4
South Africa,2020,7,7,7,3,5,7,7,7,7,7
South Korea,2004,1,1,1,1,1,1,1,1,1,1
South Korea,2008,1,1,1,1,1,1,1,1,1,1
South Korea,2009,4,4,4,1,4,4,4,4,4,4
South Korea,2010,2,2,2,0,2,2,2,2,2,2
South Korea,2011,1,1,1,0,1,1,1,1,1,1
South Korea,2012,11,11,11,2,11,11,11,11,11,11
South Korea,2013,6,6,6,1,5,6,6,6,6,6
South Korea,2014,9,9,9,2,9,9,9,9,9,9
South Korea,2015,16,16,16,4,15,16,16,16,16,16
South Korea,2016,35,35,35,10,35,35,35,35,35,35
South Korea,2017,33,33,33,12,32,33,33,33,33,33
South Korea,2018,34,34,34,14,33,34,34,34,34,34
South Korea,2019,26,26,26,7,26,26,26,26,26,26
South Korea,2020,32,32,32,7,32,32,32,32,32,32
South Korea,2021,1,1,1,1,1,1,1,1,1,1
Soviet Union,1980,1,1,1,1,1,1,1,1,1,1
Soviet Union,1984,1,1,1,1,1,1,1,1,1,1
Soviet Union,1991,1,1,1,1,1,1,1,1,1,1
Spain,1993,1,1,1,0,0,1,1,1,1,1
Spain,2003,1,1,1,1,1,1,1,1,1,1
Spain,2004,1,1,1,1,1,1,1,1,1,1
Spain,2006,2,2,2,1,2,2,2,2,2,2
Spain,2008,1,1,1,1,1,1,1,1,1,1
Spain,2009,2,2,2,2,2,2,2,2,2,2
Spain,2010,1,1,1,1,1,1,1,1,1,1
Spain,2011,3,3,3,1,3,3,3,3,3,3
Spain,2012,2,2,2,1,2,2,2,2,2,2
Spain,2013,7,7,7,5,6,7,7,7,7,7
Spain,2014,2,2,2,2,1,2,2,2,2,2
Spain,2015,16,16,16,14,14,16,16,16,16,16
Spain,2016,33,33,33,31,32,33,33,33,33,33
Spain,2017,34,34,34,27,30,34,34,34,34,34
Spain,2018,45,45,45,34,42,45,45,45,45,45
Spain,2019,33,33,33,23,28,33,33,33,33,33
Spain,2020,30,30,30,19,26,30,30,30,30,30
Spain,2021,1,1,1,1,1,1,1,1,1,1
Sri Lanka,2010,1,1,1,1,1,1,1,1,1,1
Sudan,2017,1,1,1,1,1,1,1,1,1,1
Sweden,2005,1,1,1,1,1,1,1,1,1,1
Sweden,2011,1,1,1,1,1,1,1,1,1,1
Sweden,2012,2,2,2,2,2,2,2,2,2,2
Sweden,2013,2,2,2,2,2,2,2,2,2,2
Sweden,2014,4,4,4,4,4,4,4,4,4,4
Sweden,2015,3,3,3,2,3,3,3,3,3,3
Sweden,2016,7,7,7,6,5,7,7,7,7,7
Sweden,2017,8,8,8,5,7,8,8,8,8,8
Sweden,2018,3,3,3,3,2,3,3,3,3,3
Sweden,2019,5,5,5,2,3,5,5,5,5,5
Sweden,2020,3,3,3,1,3,3,3,3,3,3
Switzerland,2009,1,1,1,1,1,1,1,1,1,1
Switzerland,2010,1,1,1,1,1,1,1,1,1,1
Switzerland,2013,2,2,2,2,2,2,2,2,2,2
Switzerland,2014,2,2,2,2,2,2,2,2,2,2
Switzerland,2015,1,1,1,0,1,1,1,1,1,1
Switzerland,2016,2,2,2,2,2,2,2,2,2,2
Switzerland,2017,4,4,4,4,4,4,4,4,4,4
Switzerland,2018,4,4,4,4,4,4,4,4,4,4
Syria,2017,1,1,1,0,1,1,1,1,1,1
Taiwan,2000,1,1,1,1,1,1,1,1,1,1
Taiwan,2002,2,2,2,0,2,2,2,2,2,2
Taiwan,2003,1,1,1,0,1,1,1,1,1,1
Taiwan,2004,2,2,2,0,2,2,2,2,2,2
Taiwan,2005,2,2,2,0,2,2,2,2,2,2
Taiwan,2007,1,1,1,1,1,1,1,1,1,1
Taiwan,2008,1,1,1,0,1,1,1,1,1,1
Taiwan,2009,6,6,6,0,6,6,6,6,6,6
Taiwan,2010,1,1,1,0,1,1,1,1,1,1
Taiwan,2011,4,4,4,0,4,4,4,4,4,4
Taiwan,2012,5,5,5,0,5,5,5,5,5,5
Taiwan,2013,6,6,6,0,6,6,6,6,6,6
Taiwan,2014,3,3,3,0,3,3,3,3,3,3
Taiwan,2015,8,8,8,0,8,8,8,8,8,8
Taiwan,2016,8,8,8,0,8,8,8,8,8,8
Taiwan,2017,7,7,7,0,7,7,7,7,7,7
Taiwan,2018,9,9,9,5,9,9,9,9,9,9
Taiwan,2019,8,8,8,5,8,8,8,8,8,8
Taiwan,2020,10,10,10,9,10,10,10,10,10,10
Thailand,1999,1,1,1,1,1,1,1,1,1,1
Thailand,2002,1,1,1,1,1,1,1,1,1,1
Thailand,2004,1,1,1,1,1,1,1,1,1,1
Thailand,2005,1,1,1,1,1,1,1,1,1,1
Thailand,2006,1,1,1,1,1,1,1,1,1,1
Thailand,2007,2,2,2,2,2,2,2,2,2,2
Thailand,2008,1,1,1,1,1,1,1,1,1,1
Thailand,2009,2,2,2,2,2,2,2,2,2,2
Thailand,2010,4,4,4,4,4,4,4,4,4,4
Thailand,2011,4,4,4,4,4,4,4,4,4,4
Thailand,2012,4,4,4,4,4,4,4,4,4,4
Thailand,2013,1,1,1,1,1,1,1,1,1,1
Thailand,2014,3,3,3,2,3,3,3,3,3,3
Thailand,2015,4,4,4,2,4,4,4,4,4,4
Thailand,2016,5,5,5,2,4,5,5,5,5,5
Thailand,2017,6,6,6,4,6,6,6,6,6,6
Thailand,2018,7,7,7,2,6,7,7,7,7,7
Thailand,2019,12,12,12,6,12,12,12,12,12,12
Thailand,2020,5,5,5,5,4,5,5,5,5,5
Turkey,2001,1,1,1,1,1,1,1,1,1,1
Turkey,2004,2,2,2,2,2,2,2,2,2,2
Turkey,2005,3,3,3,2,3,3,3,3,3,3
Turkey,2006,2,2,2,2,2,2,2,2,2,2
Turkey,2009,2,2,2,1,2,2,2,2,2,2
Turkey,2010,6,6,6,5,6,6,6,6,6,6
Turkey,2011,3,3,3,3,3,3,3,3,3,3
Turkey,2012,3,3,3,3,3,3,3,3,3,3
Turkey,2013,10,10,10,6,10,10,10,10,10,10
Turkey,2014,15,15,15,12,15,15,15,15,15,15
Turkey,2015,13,13,13,11,13,13,13,13,13,13
Turkey,2016,13,13,13,10,13,13,13,13,13,13
Turkey,2017,10,10,10,10,10,10,10,10,10,10
Turkey,2018,10,10,10,7,10,10,10,10,10,10
Turkey,2019,8,8,8,7,8,8,8,8,8,8
Turkey,2020,6,6,6,1,6,6,6,6,6,6
Turkey,2021,1,1,1,0,1,1,1,1,1,1
Uganda,2018,1,1,1,1,0,1,1,1,1,1
Ukraine,2015,2,2,2,1,1,2,2,2,2,2
Ukraine,2017,1,1,1,0,1,1,1,1,1,1
United Arab Emirates,2002,1,1,1,1,1,1,1,1,1,1
United Arab Emirates,2006,1,1,1,1,1,1,1,1,1,1
United Arab Emirates,2009,2,2,2,2,2,2,2,2,2,2
United Arab Emirates,2012,2,2,2,2,2,2,2,2,2,2
United Arab Emirates,2014,5,5,5,5,5,5,5,5,5,5
United Arab Emirates,2015,4,4,4,4,4,4,4,4,4,4
United Arab Emirates,2016,5,5,5,5,4,5,5,5,5,5
United Arab Emirates,2017,3,3,3,3,3,3,3,3,3,3
United Arab Emirates,2018,6,6,6,6,6,6,6,6,6,6
United Arab Emirates,2019,4,4,4,4,3,4,4,4,4,4
United Arab Emirates,2020,1,1,1,0,1,1,1,1,1,1
United Kingdom,1944,1,1,1,1,1,1,1,1,1,1
United Kingdom,1962,1,1,1,1,1,1,1,1,1,1
United Kingdom,1965,1,1,1,1,1,1,1,1,1,1
United Kingdom,1968,1,1,1,1,1,1,1,1,1,1
United Kingdom,1971,1,1,1,1,1,1,1,1,1,1
United Kingdom,1972,1,1,1,0,1,1,1,1,1,1
United Kingdom,1974,1,1,1,0,1,1,1,1,1,1
United Kingdom,1975,1,1,1,1,1,1,1,1,1,1
United Kingdom,1977,2,2,2,1,2,2,2,2,2,2
United Kingdom,1979,1,1,1,1,1,1,1,1,1,1
United Kingdom,1982,2,2,2,2,2,2,2,2,2,2
United Kingdom,1986,1,1,1,1,1,1,1,1,1,1
United Kingdom,1989,2,2,2,2,2,2,2,2,2,2
United Kingdom,1991,2,2,2,2,2,2,2,2,2,2
United Kingdom,1992,6,6,6,5,6,6,6,6,6,6
United Kingdom,1993,3,3,3,2,3,3,3,3,3,3
United Kingdom,1994,3,3,3,3,2,3,3,3,3,3
United Kingdom,1995,1,1,1,1,1,1,1,1,1,1
United Kingdom,1996,1,1,1,1,1,1,1,1,1,1
United Kingdom,1997,3,3,3,3,3,3,3,3,3,3
United Kingdom,1998,2,2,2,2,2,2,2,2,2,2
United Kingdom,1999,3,3,3,2,3,3,3,3,3,3
United Kingdom,2000,3,3,3,3,3,3,3,3,3,3
United Kingdom,2001,4,4,4,4,4,4,4,4,4,4
United Kingdom,2002,4,4,4,4,4,4,4,4,4,4
United Kingdom,2003,2,2,2,2,2,2,2,2,2,2
United Kingdom,2004,3,3,3,2,3,3,3,3,3,3
United Kingdom,2005,10,10,10,8,9,10,10,10,10,10
United Kingdom,2006,8,8,8,6,8,8,8,8,8,8
United Kingdom,2007,9,9,9,8,9,9,9,9,9,9
United Kingdom,2008,13,13,13,10,12,13,13,13,13,13
United Kingdom,2009,16,16,16,11,16,16,16,16,16,16
United Kingdom,2010,17,17,17,12,16,17,17,17,17,17
United Kingdom,2011,21,21,21,12,19,21,21,21,21,21
United Kingdom,2012,22,22,22,16,22,22,22,22,22,22
United Kingdom,2013,27,27,27,18,23,26,27,27,27,27
United Kingdom,2014,42,42,42,33,39,42,42,42,42,42
United Kingdom,2015,63,63,63,46,56,63,63,63,63,63
United Kingdom,2016,98,98,98,65,77,98,98,98,98,98
United Kingdom,2017,101,101,101,64,86,101,101,101,101,101
United Kingdom,2018,90,90,90,54,80,90,90,90,90,90
United Kingdom,2019,59,59,59,30,47,59,59,59,59,59
United Kingdom,2020,68,68,68,31,57,68,68,68,68,68
United Kingdom,2021,2,2,2,0,2,2,2,2,2,2
"United Kingdom,",2014,1,1,1,1,0,1,1,1,1,1
United States,1942,2,2,2,2,1,2,2,2,2,2
United States,1943,3,3,3,3,0,3,3,3,3,3
United States,1944,3,3,3,3,1,3,3,3,3,3
United States,1945,3,3,3,3,1,3,3,3,3,3
United States,1946,2,2,2,2,1,2,2,2,2,2
United States,1947,1,1,1,1,1,1,1,1,1,1
United States,1954,1,1,1,1,1,1,1,1,1,1
United States,1955,1,1,1,1,1,1,1,1,1,1
United States,1956,1,1,1,1,1,1,1,1,1,1
United States,1958,2,2,2,2,2,2,2,2,2,2
United States,1960,2,2,2,2,2,2,2,2,2,2
United States,1962,2,2,2,2,2,2,2,2,2,2
United States,1963,1,1,1,0,1,1,1,1,1,1
United States,1965,2,2,2,2,2,2,2,2,2,2
United States,1967,4,4,4,3,4,4,4,4,4,4
United States,1968,5,5,5,4,4,5,5,5,5,5
United States,1969,1,1,1,1,1,1,1,1,1,1
United States,1971,3,3,3,3,3,3,3,3,3,3
United States,1972,1,1,1,1,1,1,1,1,1,1
United States,1973,5,5,5,5,5,5,5,5,5,5
United States,1974,3,3,3,3,3,3,3,3,3,3
United States,1976,5,5,5,5,5,5,5,5,5,5
United States,1977,3,3,3,3,3,3,3,3,3,3
United States,1978,2,2,2,2,2,2,2,2,2,2
United States,1979,3,3,3,3,3,3,3,3,3,3
United States,1980,3,3,3,3,3,3,3,3,3,3
United States,1981,3,3,3,3,3,3,3,3,3,3
United States,1982,2,2,2,2,2,2,2,2,2,2
United States,1983,1,1,1,1,1,1,1,1,1,1
United States,1984,3,3,3,3,3,3,3,3,3,3
United States,1985,2,2,2,1,2,2,2,2,2,2
United States,1986,6,6,6,5,6,6,6,6,6,6
United States,1987,6,6,6,6,6,6,6,6,6,6
United States,1988,13,13,13,11,12,13,13,13,13,13
United States,1989,7,7,7,6,7,7,7,7,7,7
United States,1990,12,12,12,10,11,12,12,12,12,12
United States,1991,11,11,11,10,11,11,11,11,11,11
United States,1992,9,9,9,8,9,9,9,9,9,9
United States,1993,13,13,13,9,12,13,13,13,13,13
United States,1994,6,6,6,6,6,6,6,6,6,6
United States,1995,11,11,11,10,11,11,11,11,11,11
United States,1996,13,13,13,11,13,13,13,13,13,13
United States,1997,23,23,23,19,23,23,23,23,23,23
United States,1998,17,17,17,14,17,17,17,17,17,17
United States,1999,19,19,19,15,19,19,19,19,19,19
United States,2000,24,24,24,21,24,24,24,24,24,24
United States,2001,20,20,20,18,19,20,20,20,20,20
United States,2002,26,26,26,24,26,26,26,26,26,26
United States,2003,28,28,28,23,28,26,28,28,28,28
United States,2004,23,23,23,21,23,23,23,23,23,23
United States,2005,36,36,36,29,36,36,36,36,36,36
United States,2006,40,40,40,34,39,40,40,40,40,40
United States,2007,45,45,45,39,43,45,45,45,45,45
United States,2008,58,58,58,50,58,58,58,58,58,58
United States,2009,63,63,63,55,63,63,63,63,63,63
United States,2010,72,72,72,63,67,72,71,72,72,72
United States,2011,74,74,74,57,72,74,74,74,74,74
United States,2012,90,90,90,76,85,89,90,90,90,90
United States,2013,103,103,103,87,96,103,103,103,103,103
United States,2014,123,123,123,103,113,123,123,123,123,123
United States,2015,199,199,199,159,182,198,198,199,199,199
United States,2016,333,333,333,272,288,332,333,333,333,333
United States,2017,437,437,437,351,369,437,436,437,437,437
United States,2018,441,441,441,294,374,440,441,441,441,441
United States,2019,427,427,427,251,364,427,427,427,427,427
United States,2020,377,377,377,181,313,377,377,377,377,377
United States,2021,16,16,16,3,12,16,16,16,16,16
"United States,",2018,1,1,1,1,0,1,1,1,1,1
Uruguay,2004,1,1,1,1,1,1,1,1,1,1
Uruguay,2015,2,2,2,2,1,2,2,2,2,2
Uruguay,2017,3,3,3,3,1,3,3,3,3,3
Uruguay,2018,3,3,3,3,3,3,3,3,3,3
Uruguay,2019,4,4,4,3,3,4,4,4,4,4
Uruguay,2020,1,1,1,1,1,1,1,1,1,1
Vatican City,2018,1,1,1,1,1,1,1,1,1,1
Venezuela,2007,1,1,1,1,0,1,1,1,1,1
Venezuela,2016,1,1,1,1,0,1,1,1,1,1
Venezuela,2017,1,1,1,1,1,1,1,1,1,1
Vietnam,2014,1,1,1,1,1,1,1,1,1,1
Vietnam,2015,1,1,1,1,1,1,1,1,1,1
Vietnam,2016,1,1,1,1,1,1,1,1,1,1
Vietnam,2019,1,1,1,1,1,1,1,1,1,1
Vietnam,2020,1,1,1,1,1,1,1,1,1,1
West Germany,1971,1,1,1,1,1,1,1,1,1,1
West Germany,1972,1,1,1,0,1,1,1,1,1,1
West Germany,1977,1,1,1,1,0,1,1,1,1,1
West Germany,1985,1,1,1,1,1,1,1,1,1,1
West Germany,1986,1,1,1,0,1,1,1,1,1,1
Zimbabwe,2014,1,1,1,1,0,1,1,1,1,1
Zimbabwe,2017,2,2,2,2,1,2,2,2,2,2
